cutoff,num_edges,num_nodes_in_filtered_graph,num_components,lcc_size,lcc_nodes_percentage_of_filtered,lcc_nodes_percentage_of_total_initial
1,66762,26135,95251,13527,51.7581786875837,11.430816812858085
2,19990,10803,109288,3594,33.26853651763399,3.037063327080059
3,8879,5682,113815,467,8.218936994016191,0.39463232435903933
4,4808,3331,115762,178,5.3437406184329035,0.1504166032888844
5,2725,2117,116766,105,4.959848842701937,0.0887288951984992
6,1646,1380,117353,59,4.275362318840579,0.049857188730585277
7,1077,973,117657,52,5.344295991778006,0.04394192905068532
8,729,704,117854,20,2.840909090909091,0.01690074194257128
9,554,546,117971,16,2.93040293040293,0.013520593554057023
10,397,412,118068,15,3.640776699029126,0.01267555645692846
12,209,227,118190,12,5.286343612334802,0.010140445165542768
14,131,150,118240,12,8.0,0.010140445165542768
16,87,111,118267,10,9.00900900900901,0.00845037097128564
18,56,68,118293,10,14.705882352941178,0.00845037097128564
20,36,48,118308,6,12.5,0.005070222582771384
25,17,23,118324,4,17.391304347826086,0.003380148388514256
30,10,13,118330,3,23.076923076923077,0.002535111291385692
35,9,13,118330,3,23.076923076923077,0.002535111291385692
40,7,10,118332,3,30.0,0.002535111291385692
45,3,5,118335,3,60.0,0.002535111291385692
50,1,2,118337,2,100.0,0.001690074194257128
55,1,2,118337,2,100.0,0.001690074194257128
60,1,2,118337,2,100.0,0.001690074194257128
